{
    "perfs_self_play": {
        "time": 2575.416554974,
        "allocated": 3180480776753,
        "gc_time": 1414.16906748
    },
    "perfs_memory_analysis": {
        "time": 1.876e-6,
        "allocated": 0,
        "gc_time": 0
    },
    "perfs_learning": {
        "time": 698.434872726,
        "allocated": 966439427297,
        "gc_time": 426.759553781
    },
    "self_play": {
        "samples_gen_speed": 6.238108363178862,
        "average_exploration_depth": 219.44475,
        "mcts_memory_footprint": 2584224,
        "memory_size": 16064,
        "memory_num_distinct_boards": 4
    },
    "memory": null,
    "learning": {
        "time_convert": 1.627733059,
        "time_loss": 0.205912538,
        "time_train": 60.139452542,
        "time_eval": 633.364593951,
        "initial_status": {
            "loss": {
                "L": 936.2529,
                "Lp": 1.161996,
                "Lv": 935.04926,
                "Lreg": 0.04169477,
                "Linv": 0
            },
            "Hp": 0.053985268,
            "Hpnet": 1.0869015
        },
        "losses": [
            798.27124,
            1096.4355,
            962.3559,
            903.8502,
            719.4237,
            948.42957,
            783.4361,
            957.09796,
            897.73444,
            975.2985,
            819.8449,
            1135.8383,
            942.90186,
            1024.2705,
            791.8975,
            856.1043,
            901.64343,
            943.8071,
            1095.4729,
            1091.0819,
            987.2903,
            1115.446,
            1059.8739,
            780.26025,
            1018.8657,
            1040.1381,
            884.39923,
            992.8195,
            1134.6439,
            828.8223,
            1127.7336,
            1096.1322,
            881.112,
            797.0782,
            758.6232,
            987.4702,
            872.85187,
            997.27997,
            975.66705,
            964.8668,
            872.2544,
            1046.8458,
            889.4253,
            954.0014,
            1223.0326,
            686.9361,
            974.89856,
            1053.8124,
            1177.8041,
            1090.2502,
            988.8116,
            871.6402,
            1224.2399,
            995.7871,
            988.48804,
            756.1747,
            1018.03625,
            913.7328,
            820.08984,
            1058.772,
            826.4406,
            862.1681,
            1023.1582,
            966.5588,
            1003.1527,
            1066.1428,
            1004.32275,
            904.6305,
            818.28467,
            1026.6348,
            925.3836,
            1001.9738,
            917.5439,
            896.8937,
            732.9714,
            1062.1097,
            1102.9585,
            864.713,
            857.7627,
            865.3573,
            1037.6398,
            898.12854,
            715.67755,
            986.76624,
            1007.9062,
            999.8989,
            1106.3337,
            895.4768,
            1072.0771,
            931.7284,
            1011.63574,
            949.74567,
            966.9137,
            805.66473,
            1105.3347,
            1048.7368,
            672.01355,
            750.9984,
            965.78973,
            968.0526,
            782.53204,
            922.45544,
            759.69684,
            839.3451,
            804.06384,
            1044.8766,
            947.41034,
            876.02405,
            751.1512,
            973.0855,
            800.9934,
            807.9319,
            1025.3966,
            773.2213,
            804.64636,
            717.397,
            710.7318,
            867.5401,
            1069.944,
            971.5053,
            837.8277,
            1116.0947,
            1162.1721,
            1049.1566,
            1064.587,
            943.9309,
            825.66516,
            857.4388,
            994.6563,
            825.1208,
            877.4748,
            964.81586,
            815.64813,
            925.9516,
            932.05774,
            912.178,
            844.43414,
            835.38226,
            1024.9358,
            997.26666,
            824.67065,
            1202.914,
            865.064,
            989.65,
            1127.4124,
            972.1857,
            848.8071,
            709.8667,
            795.47504,
            960.2141,
            849.7164,
            1038.6875,
            668.19464,
            1045.8379,
            908.4803,
            989.0289,
            943.42786,
            850.4576,
            988.08044,
            888.5152,
            936.5394,
            950.1073,
            796.45135,
            1090.0668,
            1222.3147,
            855.6492,
            1118.3486,
            856.3324,
            1109.3525,
            824.08624,
            842.74225,
            846.92694,
            910.4888,
            1038.2548,
            699.21954,
            1026.427,
            720.11786,
            929.76953,
            915.47174,
            916.9674,
            731.5752,
            840.6657,
            873.3717,
            822.4291,
            783.8474,
            907.81354,
            870.38715,
            942.00714,
            1049.4244,
            957.30817,
            1000.1074,
            704.7296,
            743.0217,
            903.28217,
            1033.3965,
            911.8162,
            843.53766,
            1054.4937,
            801.46674,
            957.415,
            982.477,
            905.68805,
            941.7074,
            1084.6047,
            908.8229,
            702.9594,
            800.9175,
            939.66205,
            881.41547,
            1099.1193,
            831.76227,
            812.62555,
            708.12225,
            955.60443,
            747.36365,
            791.63824,
            926.46924,
            1079.7906,
            988.7807,
            820.97986,
            938.8473,
            899.0679,
            874.2921,
            827.7954,
            871.3146,
            963.83496,
            728.13776,
            869.415,
            920.936,
            955.2565,
            1137.269,
            857.63904,
            994.1758,
            936.47986,
            1114.1456,
            1074.1855,
            1042.2739,
            934.5713,
            1169.6431,
            1073.5487,
            762.5405,
            912.09955,
            890.07935,
            957.8575,
            825.1072,
            919.5188,
            1049.5769,
            860.9339,
            971.8933,
            1025.6858,
            1056.455
        ],
        "checkpoints": [
            {
                "batch_id": 251,
                "evaluation": {
                    "legend": "Most recent NN versus best NN so far",
                    "avgr": 164.38172459441284,
                    "redundancy": 0.9996031746031746,
                    "rewards": [
                        -518.9125117571108,
                        -518.9125117571108,
                        -518.9125117571108,
                        -518.9125117571108,
                        -518.9125117571108,
                        -518.9125117571108,
                        -518.9125117571108,
                        -518.9125117571108,
                        -518.9125117571108,
                        -518.9125117571108
                    ],