{
    "perfs_self_play": {
        "time": 2704.214340109,
        "allocated": 3401951565960,
        "gc_time": 1514.836521
    },
    "perfs_memory_analysis": {
        "time": 1.936e-6,
        "allocated": 0,
        "gc_time": 0
    },
    "perfs_learning": {
        "time": 696.73988014,
        "allocated": 1055397523927,
        "gc_time": 465.847787234
    },
    "self_play": {
        "samples_gen_speed": 5.940664699584702,
        "average_exploration_depth": 241.3089420650729,
        "mcts_memory_footprint": 641088,
        "memory_size": 32128,
        "memory_num_distinct_boards": 6
    },
    "memory": null,
    "learning": {
        "time_convert": 0.279806676,
        "time_loss": 0.379616194,
        "time_train": 3.317615518,
        "time_eval": 692.3521403330001,
        "initial_status": {
            "loss": {
                "L": 884.7987,
                "Lp": 0.30442303,
                "Lv": 884.45233,
                "Lreg": 0.041906793,
                "Linv": 2.968359e-11
            },
            "Hp": 0.033107676,
            "Hpnet": 0.5372076
        },
        "losses": [
            812.64856,
            762.53265,
            858.74384,
            723.8215,
            1044.9326,
            814.9831,
            716.07294,
            975.672,
            877.63275,
            899.5654,
            1022.84863,
            660.83923,
            812.95526,
            865.552,
            854.0757,
            927.6042,
            959.09894,
            912.57764,
            846.9679,
            884.19305,
            1025.1959,
            851.1972,
            863.78827,
            700.5205,
            1065.325,
            914.1009,
            862.8036,
            683.15875,
            682.01874,
            686.9528,
            891.4652,
            841.83887,
            798.738,
            740.5411,
            717.6402,
            927.4203,
            808.97156,
            951.0739,
            998.2561,
            813.3085,
            999.6986,
            1017.47687,
            872.84344,
            902.6965,
            946.24255,
            853.4123,
            978.46643,
            795.21313,
            770.9966,
            966.05756,
            830.0345,
            934.72784,
            934.3094,
            895.79266,
            988.7063,
            726.1732,
            944.4333,
            907.1123,
            806.3393,
            826.11584,
            800.61066,
            873.11945,
            758.4451,
            928.4767,
            798.1005,
            946.7644,
            885.21185,
            817.663,
            884.48126,
            1013.0384,
            1003.5274,
            983.066,
            813.1636,
            805.6305,
            733.37476,
            1027.1588,
            803.1404,
            936.2529,
            982.3215,
            1190.3339,
            977.9972,
            885.9285,
            813.2919,
            999.89417,
            968.3809,
            885.3802,
            867.32404,
            918.71454,
            693.5213,
            923.84766,
            959.62524,
            782.64844,
            898.75244,
            965.6869,
            838.12585,
            836.1387,
            1080.1079,
            994.33655,
            1077.3323,
            1059.7461,
            939.9196,
            867.2849,
            933.46106,
            940.8292,
            885.6292,
            972.0444,
            1048.4209,
            858.5509,
            831.58496,
            775.121,
            753.75415,
            786.3656,
            772.5602,
            814.10187,
            803.78156,
            1008.72546,
            807.24164,
            705.31647,
            876.0712,
            750.42267,
            956.7876,
            955.1485,
            869.72876,
            1078.479,
            911.3853,
            984.4332,
            813.923,
            867.2122,
            796.996,
            849.0918,
            859.7058,
            921.4223,
            1131.7798,
            922.4846,
            904.1708,
            932.11945,
            825.2703,
            1022.75336,
            890.42645,
            978.777,
            876.67145,
            965.6519,
            948.38916,
            662.1562,
            811.8846,
            835.35864,
            962.4714,
            877.4131,
            782.70264,
            845.84186,
            890.0677,
            956.948,
            811.0871,
            905.46375,
            1001.3257,
            881.24835,
            1003.81335,
            944.5852,
            765.1878,
            887.0069,
            814.124,
            738.24164,
            1131.9409,
            819.55817,
            898.2861,
            914.0439,
            861.71277,
            1053.0425,
            941.34674,
            779.52545,
            995.03754,
            911.49506,
            947.73456,
            917.0363,
            1080.4275,
            1068.619,
            941.9331,
            899.8044,
            835.70654,
            863.631,
            757.2022,
            825.92413,
            883.97766,
            983.1223,
            960.7198,
            1008.0286,
            963.1282,
            907.2463,
            963.84375,
            956.68335,
            944.05756,
            984.26086,
            927.5758,
            705.3616,
            968.5394,
            856.55444,
            873.66046,
            925.8672,
            905.73724,
            938.7978,
            839.80817,
            721.9946,
            954.14343,
            841.4744,
            1200.8318,
            684.361,
            763.1454,
            924.1931,
            876.14325,
            855.1558,
            758.44904,
            1038.0022,
            730.4818,
            741.8618,
            920.8597,
            862.32196,
            897.72345,
            721.2311,
            1131.1823,
            789.5539,
            833.2962,
            929.2682,
            730.9931,
            721.1725,
            920.6148,
            897.6206,
            796.3202,
            802.123,
            815.8669,
            940.104,
            896.7866,
            1033.3217,
            722.5536,
            963.76514,
            970.6496,
            915.7754,
            811.07446,
            883.1266,
            870.297,
            951.79626,
            1003.81335,
            941.60284,
            993.33734,
            791.76166,
            861.5976,
            902.6978,
            906.60754,
            1083.5244,
            811.54254,
            935.21,
            1112.3093,
            730.575,
            867.9501,
            897.0381,
            901.5567,
            771.695,
            722.5416,
            968.83606,
            776.73505,
            830.38196,
            865.128,
            1029.6598,
            747.45197,
            719.10834,
            1115.8976,
            1027.1305,
            913.5295,
            770.33575,
            698.37604,
            902.5922,
            833.8276,
            1014.83905,
            1132.147,
            1064.3345,
            756.77594,
            953.9825,
            900.9054,
            928.48724,
            892.29785,
            1037.1636,
            1121.2782,
            988.3929,
            787.3053,
            925.4939,
            878.3589,
            717.94226,
            865.77155,
            774.08093,
            649.53766,
            1128.1028,
            864.4468,
            898.49774,
            884.5668,
            807.59717,
            915.2822,
            882.7991,
            944.6889,
            971.9233,
            855.08594,
            860.05396,
            913.13324,
            888.57983,
            860.66943,
            858.87854,
            1115.3076,
            1163.6084,
