{
    "perfs_self_play": {
        "time": 2698.095178298,
        "allocated": 3400161726656,
        "gc_time": 1506.686981298
    },
    "perfs_memory_analysis": {
        "time": 5.35e-6,
        "allocated": 0,
        "gc_time": 0
    },
    "perfs_learning": {
        "time": 697.867106244,
        "allocated": 1056261545080,
        "gc_time": 466.537619918
    },
    "self_play": {
        "samples_gen_speed": 5.954181503700937,
        "average_exploration_depth": 241.28747211155363,
        "mcts_memory_footprint": 671040,
        "memory_size": 48192,
        "memory_num_distinct_boards": 6
    },
    "memory": null,
    "learning": {
        "time_convert": 0.394260403,
        "time_loss": 0.58085846,
        "time_train": 3.63539657,
        "time_eval": 692.59384986,
        "initial_status": {
            "loss": {
                "L": 869.7493,
                "Lp": 0.19508412,
                "Lv": 869.5124,
                "Lreg": 0.041726,
                "Linv": -2.109019e-8
            },
            "Hp": 0.026033366,
            "Hpnet": 0.26753357
        },
        "losses": [
            758.8612,
            909.9328,
            774.5913,
            902.27673,
            965.1108,
            863.55096,
            951.1514,
            971.49896,
            974.26385,
            756.69,
            735.36566,
            819.2583,
            903.223,
            871.3151,
            811.113,
            970.44507,
            629.5901,
            935.75494,
            820.29156,
            789.6216,
            844.97107,
            834.0836,
            870.4153,
            917.2483,
            979.79346,
            769.86646,
            969.104,
            934.6719,
            868.6082,
            763.089,
            826.44635,
            968.3253,
            778.1919,
            921.55676,
            930.243,
            865.37726,
            949.2279,
            728.09564,
            956.90375,
            936.4314,
            867.0555,
            1056.6923,
            806.139,
            966.1985,
            684.98004,
            874.0436,
            703.00134,
            1099.9567,
            674.4059,
            832.11487,
            872.1312,
            765.9978,
            805.80365,
            737.96295,
            889.8643,
            855.3058,
            905.4729,
            822.30255,
            840.2941,
            763.3996,
            755.0079,
            868.8141,
            920.5691,
            908.8938,
            1160.4965,
            739.9735,
            954.39136,
            791.74854,
            758.12415,
            949.15076,
            851.09204,
            903.8483,
            757.89465,
            924.48456,
            836.29114,
            849.0967,
            922.5934,
            914.87994,
            932.21,
            838.25726,
            879.0271,
            984.2331,
            759.5299,
            735.89575,
            903.4208,
            884.5137,
            946.9772,
            846.03784,
            915.17834,
            735.18335,
            842.0743,
            875.0214,
            758.628,
            1139.2861,
            845.2817,
            847.36633,
            831.5464,
            825.4777,
            937.347,
            824.14374,
            795.17084,
            852.0617,
            920.4398,
            816.4724,
            986.841,
            962.7395,
            912.8849,
            853.9647,
            761.8635,
            911.4797,
            827.64325,
            774.1892,
            962.6564,
            896.2232,
            674.141,
            932.9702,
            972.0679,
            916.22577,
            988.5248,
            792.3344,
            815.8957,
            886.80646,
            801.39923,
            945.1652,
            964.1707,
            1009.1681,
            664.87384,
            749.5784,
            804.70526,
            822.1243,
            1099.0496,
            793.02875,
            766.08887,
            862.59015,
            851.66907,
            908.2825,
            898.1947,
            1045.3446,
            1117.2051,
            907.8142,
            769.37665,
            827.9287,
            932.6525,
            1041.0281,
            851.8785,
            1009.8704,
            784.145,
            863.37946,
            825.18866,
            914.6913,
            957.8775,
            785.97955,
            946.77637,
            980.33997,
            848.554,
            880.5516,
            940.09564,
            905.90137,
            832.53784,
            1073.6622,
            947.81604,
            879.25885,
            1108.8143,
            943.89636,
            656.4732,
            858.7809,
            805.58057,
            841.19946,
            900.1238,
            1039.8789,
            1109.1959,
            772.68427,
            875.2423,
            950.6368,
            824.87946,
            1011.1472,
            749.42664,
            882.7454,
            813.6317,
            890.0431,
            910.69244,
            985.8121,
            804.1384,
            843.23566,
            930.6395,
            1017.42615,
            964.5435,
            926.1896,
            912.41113,
            918.3677,
            1142.7828,
            886.85345,
            883.32635,
            874.3024,
            983.91736,
            831.41626,
            907.4402,
            1064.4619,
            958.4756,
            891.87726,
            865.3019,
            826.6327,
            1002.40857,
            716.90045,
            774.6824,
            1068.2457,
            832.57794,
            832.53546,
            966.1458,
            919.7622,
            875.12445,
            950.18665,
            803.6237,
            889.373,
            689.0552,
            1017.23676,
            809.3762,
            845.6834,
            812.59985,
            711.9458,
            882.63007,
            770.5834,
            917.8424,
            860.6771,
            961.04016,
            811.096,
            832.03296,
            1011.10077,
            905.0917,
            1068.2285,
            1007.07776,
            1064.8171,
            853.55005,
            919.97095,
            893.32404,
            799.3442,
            725.7709,
            1101.198,
            778.995,
            957.3088,
            742.39514,
            783.7641,
            909.2077,
            1011.6995,
            927.10376,
            679.9292,
            829.1523,
            929.23224,
            922.0364,
            819.082,
            1049.6786,
            1026.4375,
            832.0718,
            876.32794,
            690.3815,
            813.9998,
            992.1251,
            847.4761,
            887.8675,
            732.1568,
            920.34235,
            979.8389,
            765.2749,
            867.0583,
            888.7974,
            936.3878,
            916.88257,
            1115.6553,
            828.5197,
            760.42,
            758.09094,
            1113.7505,
            907.5437,
            865.67163,
            972.3738,
            990.7747,
            851.2995,
            893.6951,
            901.8356,
            754.3048,
            857.0251,
            1234.6848,
            826.1034,
            914.30725,
            915.8057,
            918.58093,
            927.38617,
            670.752,
            984.51306,
            730.311,
            814.6528,
            816.26776,
            784.9661,
            859.82227,
            908.2562,
            714.4055,
            697.66455,
            668.1867,
            842.4447,
            862.53125,
            785.0795,
            695.06665,
            923.6082,
            1088.6417,
            996.12756,
            924.6502,
            766.0972,
